{
  "TP2 (current)": {
    "status": "ok",
    "cycles": 238,
    "bad_rate": 24.789915966386555,
    "win_rate": 68.90756302521008,
    "avg_pnl": 1.8996645267587078,
    "std_pnl": 9.057848847213002,
    "sharpe": 3.329293740953429
  },
  "TP1 (quick)": {
    "status": "ok",
    "cycles": 238,
    "bad_rate": 24.789915966386555,
    "win_rate": 68.90756302521008,
    "avg_pnl": 0.9498322633793539,
    "std_pnl": 4.528924423606501,
    "sharpe": 3.329293740953429
  },
  "TP3 (aggressive)": {
    "status": "ok",
    "cycles": 238,
    "bad_rate": 24.789915966386555,
    "win_rate": 68.90756302521008,
    "avg_pnl": 2.849496790138062,
    "std_pnl": 13.586773270819503,
    "sharpe": 3.329293740953429
  },
  "Mixed (TP2 + TP3)": {
    "status": "ok",
    "cycles": 238,
    "bad_rate": 24.789915966386555,
    "win_rate": 67.64705882352942,
    "avg_pnl": 2.0759264689858337,
    "std_pnl": 9.999626868166752,
    "sharpe": 3.2955540738090865
  }
}